"region","year","sex","country","number"
"AT13","2002","MALE","ARG",215
"AT13","2002","MALE","BOL",60
"AT13","2002","MALE","BRA",325
"AT13","2002","MALE","CHL",304
"AT13","2002","MALE","COL",212
"AT13","2002","MALE","CRI",17
"AT13","2002","MALE","CUB",71
"AT13","2002","MALE","DOM",65
"AT13","2002","MALE","ECU",59
"AT13","2002","MALE","GTM",37
"AT13","2002","MALE","HND",11
"AT13","2002","MALE","HTI",7
"AT13","2002","MALE","MEX",132
"AT13","2002","MALE","NIC",16
"AT13","2002","MALE","PAN",6
"AT13","2002","MALE","PER",191
"AT13","2002","MALE","PRY",17
"AT13","2002","MALE","SLV",9
"AT13","2002","MALE","URY",44
"AT13","2002","MALE","VEN",91
"AT13","2002","FEMALE","ARG",242
"AT13","2002","FEMALE","BOL",89
"AT13","2002","FEMALE","BRA",579
"AT13","2002","FEMALE","CHL",359
"AT13","2002","FEMALE","COL",301
"AT13","2002","FEMALE","CRI",19
"AT13","2002","FEMALE","CUB",124
"AT13","2002","FEMALE","DOM",190
"AT13","2002","FEMALE","ECU",79
"AT13","2002","FEMALE","GTM",30
"AT13","2002","FEMALE","HND",6
"AT13","2002","FEMALE","HTI",12
"AT13","2002","FEMALE","MEX",179
"AT13","2002","FEMALE","NIC",34
"AT13","2002","FEMALE","PAN",6
"AT13","2002","FEMALE","PER",346
"AT13","2002","FEMALE","PRY",22
"AT13","2002","FEMALE","SLV",21
"AT13","2002","FEMALE","URY",67
"AT13","2002","FEMALE","VEN",134
"AT13","2003","MALE","ARG",238
"AT13","2003","MALE","BOL",63
"AT13","2003","MALE","BRA",348
"AT13","2003","MALE","CHL",319
"AT13","2003","MALE","COL",235
"AT13","2003","MALE","CRI",18
"AT13","2003","MALE","CUB",80
"AT13","2003","MALE","DOM",78
"AT13","2003","MALE","ECU",77
"AT13","2003","MALE","GTM",40
"AT13","2003","MALE","HND",11
"AT13","2003","MALE","HTI",7
"AT13","2003","MALE","MEX",146
"AT13","2003","MALE","NIC",16
"AT13","2003","MALE","PAN",6
"AT13","2003","MALE","PER",203
"AT13","2003","MALE","PRY",19
"AT13","2003","MALE","SLV",8
"AT13","2003","MALE","URY",48
"AT13","2003","MALE","VEN",86
"AT13","2003","FEMALE","ARG",256
"AT13","2003","FEMALE","BOL",100
"AT13","2003","FEMALE","BRA",605
"AT13","2003","FEMALE","CHL",375
"AT13","2003","FEMALE","COL",321
"AT13","2003","FEMALE","CRI",22
"AT13","2003","FEMALE","CUB",136
"AT13","2003","FEMALE","DOM",198
"AT13","2003","FEMALE","ECU",95
"AT13","2003","FEMALE","GTM",30
"AT13","2003","FEMALE","HND",7
"AT13","2003","FEMALE","HTI",15
"AT13","2003","FEMALE","MEX",186
"AT13","2003","FEMALE","NIC",38
"AT13","2003","FEMALE","PAN",7
"AT13","2003","FEMALE","PER",375
"AT13","2003","FEMALE","PRY",21
"AT13","2003","FEMALE","SLV",23
"AT13","2003","FEMALE","URY",72
"AT13","2003","FEMALE","VEN",149
"AT13","2004","MALE","ARG",244
"AT13","2004","MALE","BOL",75
"AT13","2004","MALE","BRA",369
"AT13","2004","MALE","CHL",328
"AT13","2004","MALE","COL",259
"AT13","2004","MALE","CRI",21
"AT13","2004","MALE","CUB",81
"AT13","2004","MALE","DOM",93
"AT13","2004","MALE","ECU",87
"AT13","2004","MALE","GTM",43
"AT13","2004","MALE","HND",13
"AT13","2004","MALE","HTI",7
"AT13","2004","MALE","MEX",144
"AT13","2004","MALE","NIC",17
"AT13","2004","MALE","PAN",6
"AT13","2004","MALE","PER",217
"AT13","2004","MALE","PRY",18
"AT13","2004","MALE","SLV",8
"AT13","2004","MALE","URY",46
"AT13","2004","MALE","VEN",102
"AT13","2004","FEMALE","ARG",270
"AT13","2004","FEMALE","BOL",109
"AT13","2004","FEMALE","BRA",641
"AT13","2004","FEMALE","CHL",369
"AT13","2004","FEMALE","COL",344
"AT13","2004","FEMALE","CRI",28
"AT13","2004","FEMALE","CUB",154
"AT13","2004","FEMALE","DOM",219
"AT13","2004","FEMALE","ECU",123
"AT13","2004","FEMALE","GTM",33
"AT13","2004","FEMALE","HND",9
"AT13","2004","FEMALE","HTI",17
"AT13","2004","FEMALE","MEX",199
"AT13","2004","FEMALE","NIC",38
"AT13","2004","FEMALE","PAN",8
"AT13","2004","FEMALE","PER",391
"AT13","2004","FEMALE","PRY",24
"AT13","2004","FEMALE","SLV",21
"AT13","2004","FEMALE","URY",72
"AT13","2004","FEMALE","VEN",171
"AT13","2005","MALE","ARG",243
"AT13","2005","MALE","BOL",90
"AT13","2005","MALE","BRA",398
"AT13","2005","MALE","CHL",331
"AT13","2005","MALE","COL",273
"AT13","2005","MALE","CRI",22
"AT13","2005","MALE","CUB",93
"AT13","2005","MALE","DOM",108
"AT13","2005","MALE","ECU",90
"AT13","2005","MALE","GTM",48
"AT13","2005","MALE","HND",13
"AT13","2005","MALE","HTI",5
"AT13","2005","MALE","MEX",153
"AT13","2005","MALE","NIC",17
"AT13","2005","MALE","PAN",6
"AT13","2005","MALE","PER",225
"AT13","2005","MALE","PRY",18
"AT13","2005","MALE","SLV",8
"AT13","2005","MALE","URY",48
"AT13","2005","MALE","VEN",105
"AT13","2005","FEMALE","ARG",258
"AT13","2005","FEMALE","BOL",113
"AT13","2005","FEMALE","BRA",667
"AT13","2005","FEMALE","CHL",370
"AT13","2005","FEMALE","COL",365
"AT13","2005","FEMALE","CRI",29
"AT13","2005","FEMALE","CUB",174
"AT13","2005","FEMALE","DOM",245
"AT13","2005","FEMALE","ECU",138
"AT13","2005","FEMALE","GTM",35
"AT13","2005","FEMALE","HND",9
"AT13","2005","FEMALE","HTI",16
"AT13","2005","FEMALE","MEX",215
"AT13","2005","FEMALE","NIC",36
"AT13","2005","FEMALE","PAN",9
"AT13","2005","FEMALE","PER",406
"AT13","2005","FEMALE","PRY",27
"AT13","2005","FEMALE","SLV",21
"AT13","2005","FEMALE","URY",71
"AT13","2005","FEMALE","VEN",182
"AT13","2006","MALE","ARG",260
"AT13","2006","MALE","BOL",96
"AT13","2006","MALE","BRA",409
"AT13","2006","MALE","CHL",322
"AT13","2006","MALE","COL",300
"AT13","2006","MALE","CRI",25
"AT13","2006","MALE","CUB",100
"AT13","2006","MALE","DOM",120
"AT13","2006","MALE","ECU",104
"AT13","2006","MALE","GTM",54
"AT13","2006","MALE","HND",13
"AT13","2006","MALE","HTI",8
"AT13","2006","MALE","MEX",168
"AT13","2006","MALE","NIC",19
"AT13","2006","MALE","PAN",6
"AT13","2006","MALE","PER",235
"AT13","2006","MALE","PRY",21
"AT13","2006","MALE","SLV",9
"AT13","2006","MALE","URY",50
"AT13","2006","MALE","VEN",112
"AT13","2006","FEMALE","ARG",274
"AT13","2006","FEMALE","BOL",126
"AT13","2006","FEMALE","BRA",716
"AT13","2006","FEMALE","CHL",376
"AT13","2006","FEMALE","COL",392
"AT13","2006","FEMALE","CRI",29
"AT13","2006","FEMALE","CUB",195
"AT13","2006","FEMALE","DOM",268
"AT13","2006","FEMALE","ECU",148
"AT13","2006","FEMALE","GTM",37
"AT13","2006","FEMALE","HND",10
"AT13","2006","FEMALE","HTI",18
"AT13","2006","FEMALE","MEX",236
"AT13","2006","FEMALE","NIC",36
"AT13","2006","FEMALE","PAN",10
"AT13","2006","FEMALE","PER",422
"AT13","2006","FEMALE","PRY",31
"AT13","2006","FEMALE","SLV",21
"AT13","2006","FEMALE","URY",78
"AT13","2006","FEMALE","VEN",196
"AT13","2007","MALE","ARG",265
"AT13","2007","MALE","BOL",96
"AT13","2007","MALE","BRA",443
"AT13","2007","MALE","CHL",319
"AT13","2007","MALE","COL",308
"AT13","2007","MALE","CRI",23
"AT13","2007","MALE","CUB",103
"AT13","2007","MALE","DOM",123
"AT13","2007","MALE","ECU",111
"AT13","2007","MALE","GTM",60
"AT13","2007","MALE","HND",14
"AT13","2007","MALE","HTI",7
"AT13","2007","MALE","MEX",191
"AT13","2007","MALE","NIC",19
"AT13","2007","MALE","PAN",7
"AT13","2007","MALE","PER",248
"AT13","2007","MALE","PRY",24
"AT13","2007","MALE","SLV",10
"AT13","2007","MALE","URY",51
"AT13","2007","MALE","VEN",119
"AT13","2007","FEMALE","ARG",281
"AT13","2007","FEMALE","BOL",135
"AT13","2007","FEMALE","BRA",738
"AT13","2007","FEMALE","CHL",360
"AT13","2007","FEMALE","COL",399
"AT13","2007","FEMALE","CRI",29
"AT13","2007","FEMALE","CUB",194
"AT13","2007","FEMALE","DOM",278
"AT13","2007","FEMALE","ECU",155
"AT13","2007","FEMALE","GTM",45
"AT13","2007","FEMALE","HND",12
"AT13","2007","FEMALE","HTI",19
"AT13","2007","FEMALE","MEX",244
"AT13","2007","FEMALE","NIC",34
"AT13","2007","FEMALE","PAN",11
"AT13","2007","FEMALE","PER",449
"AT13","2007","FEMALE","PRY",38
"AT13","2007","FEMALE","SLV",20
"AT13","2007","FEMALE","URY",77
"AT13","2007","FEMALE","VEN",202
"AT13","2008","MALE","ARG",280
"AT13","2008","MALE","BOL",99
"AT13","2008","MALE","BRA",445
"AT13","2008","MALE","CHL",326
"AT13","2008","MALE","COL",314
"AT13","2008","MALE","CRI",19
"AT13","2008","MALE","CUB",112
"AT13","2008","MALE","DOM",125
"AT13","2008","MALE","ECU",120
"AT13","2008","MALE","GTM",60
"AT13","2008","MALE","HND",12
"AT13","2008","MALE","HTI",9
"AT13","2008","MALE","MEX",203
"AT13","2008","MALE","NIC",20
"AT13","2008","MALE","PAN",10
"AT13","2008","MALE","PER",251
"AT13","2008","MALE","PRY",30
"AT13","2008","MALE","SLV",11
"AT13","2008","MALE","URY",51
"AT13","2008","MALE","VEN",127
"AT13","2008","FEMALE","ARG",275
"AT13","2008","FEMALE","BOL",134
"AT13","2008","FEMALE","BRA",793
"AT13","2008","FEMALE","CHL",361
"AT13","2008","FEMALE","COL",400
"AT13","2008","FEMALE","CRI",34
"AT13","2008","FEMALE","CUB",202
"AT13","2008","FEMALE","DOM",270
"AT13","2008","FEMALE","ECU",161
"AT13","2008","FEMALE","GTM",53
"AT13","2008","FEMALE","HND",14
"AT13","2008","FEMALE","HTI",19
"AT13","2008","FEMALE","MEX",256
"AT13","2008","FEMALE","NIC",39
"AT13","2008","FEMALE","PAN",9
"AT13","2008","FEMALE","PER",476
"AT13","2008","FEMALE","PRY",42
"AT13","2008","FEMALE","SLV",19
"AT13","2008","FEMALE","URY",72
"AT13","2008","FEMALE","VEN",210
"AT13","2009","MALE","ARG",289
"AT13","2009","MALE","BOL",101
"AT13","2009","MALE","BRA",494
"AT13","2009","MALE","CHL",312
"AT13","2009","MALE","COL",337
"AT13","2009","MALE","CRI",20
"AT13","2009","MALE","CUB",106
"AT13","2009","MALE","DOM",136
"AT13","2009","MALE","ECU",119
"AT13","2009","MALE","GTM",64
"AT13","2009","MALE","HND",10
"AT13","2009","MALE","HTI",8
"AT13","2009","MALE","MEX",217
"AT13","2009","MALE","NIC",22
"AT13","2009","MALE","PAN",10
"AT13","2009","MALE","PER",261
"AT13","2009","MALE","PRY",31
"AT13","2009","MALE","SLV",12
"AT13","2009","MALE","URY",56
"AT13","2009","MALE","VEN",136
"AT13","2009","FEMALE","ARG",281
"AT13","2009","FEMALE","BOL",131
"AT13","2009","FEMALE","BRA",856
"AT13","2009","FEMALE","CHL",363
"AT13","2009","FEMALE","COL",422
"AT13","2009","FEMALE","CRI",30
"AT13","2009","FEMALE","CUB",208
"AT13","2009","FEMALE","DOM",279
"AT13","2009","FEMALE","ECU",162
"AT13","2009","FEMALE","GTM",54
"AT13","2009","FEMALE","HND",13
"AT13","2009","FEMALE","HTI",19
"AT13","2009","FEMALE","MEX",280
"AT13","2009","FEMALE","NIC",48
"AT13","2009","FEMALE","PAN",9
"AT13","2009","FEMALE","PER",486
"AT13","2009","FEMALE","PRY",51
"AT13","2009","FEMALE","SLV",22
"AT13","2009","FEMALE","URY",73
"AT13","2009","FEMALE","VEN",205
"AT13","2010","MALE","ARG",290
"AT13","2010","MALE","BOL",107
"AT13","2010","MALE","BRA",504
"AT13","2010","MALE","CHL",327
"AT13","2010","MALE","COL",354
"AT13","2010","MALE","CRI",22
"AT13","2010","MALE","CUB",117
"AT13","2010","MALE","DOM",148
"AT13","2010","MALE","ECU",121
"AT13","2010","MALE","GTM",66
"AT13","2010","MALE","HND",11
"AT13","2010","MALE","HTI",9
"AT13","2010","MALE","MEX",234
"AT13","2010","MALE","NIC",25
"AT13","2010","MALE","PAN",9
"AT13","2010","MALE","PER",260
"AT13","2010","MALE","PRY",32
"AT13","2010","MALE","SLV",12
"AT13","2010","MALE","URY",52
"AT13","2010","MALE","VEN",136
"AT13","2010","FEMALE","ARG",289
"AT13","2010","FEMALE","BOL",137
"AT13","2010","FEMALE","BRA",877
"AT13","2010","FEMALE","CHL",362
"AT13","2010","FEMALE","COL",439
"AT13","2010","FEMALE","CRI",30
"AT13","2010","FEMALE","CUB",217
"AT13","2010","FEMALE","DOM",284
"AT13","2010","FEMALE","ECU",166
"AT13","2010","FEMALE","GTM",57
"AT13","2010","FEMALE","HND",16
"AT13","2010","FEMALE","HTI",17
"AT13","2010","FEMALE","MEX",295
"AT13","2010","FEMALE","NIC",41
"AT13","2010","FEMALE","PAN",8
"AT13","2010","FEMALE","PER",506
"AT13","2010","FEMALE","PRY",53
"AT13","2010","FEMALE","SLV",20
"AT13","2010","FEMALE","URY",74
"AT13","2010","FEMALE","VEN",217
"AT13","2011","MALE","ARG",311
"AT13","2011","MALE","BOL",108
"AT13","2011","MALE","BRA",526
"AT13","2011","MALE","CHL",330
"AT13","2011","MALE","COL",357
"AT13","2011","MALE","CRI",23
"AT13","2011","MALE","CUB",124
"AT13","2011","MALE","DOM",157
"AT13","2011","MALE","ECU",127
"AT13","2011","MALE","GTM",66
"AT13","2011","MALE","HND",12
"AT13","2011","MALE","HTI",12
"AT13","2011","MALE","MEX",239
"AT13","2011","MALE","NIC",27
"AT13","2011","MALE","PAN",10
"AT13","2011","MALE","PER",258
"AT13","2011","MALE","PRY",33
"AT13","2011","MALE","SLV",14
"AT13","2011","MALE","URY",52
"AT13","2011","MALE","VEN",151
"AT13","2011","FEMALE","ARG",290
"AT13","2011","FEMALE","BOL",139
"AT13","2011","FEMALE","BRA",910
"AT13","2011","FEMALE","CHL",365
"AT13","2011","FEMALE","COL",449
"AT13","2011","FEMALE","CRI",34
"AT13","2011","FEMALE","CUB",221
"AT13","2011","FEMALE","DOM",286
"AT13","2011","FEMALE","ECU",181
"AT13","2011","FEMALE","GTM",58
"AT13","2011","FEMALE","HND",15
"AT13","2011","FEMALE","HTI",20
"AT13","2011","FEMALE","MEX",302
"AT13","2011","FEMALE","NIC",43
"AT13","2011","FEMALE","PAN",9
"AT13","2011","FEMALE","PER",523
"AT13","2011","FEMALE","PRY",52
"AT13","2011","FEMALE","SLV",21
"AT13","2011","FEMALE","URY",71
"AT13","2011","FEMALE","VEN",215
"AT13","2012","MALE","ARG",307
"AT13","2012","MALE","BOL",103
"AT13","2012","MALE","BRA",533
"AT13","2012","MALE","CHL",337
"AT13","2012","MALE","COL",364
"AT13","2012","MALE","CRI",26
"AT13","2012","MALE","CUB",137
"AT13","2012","MALE","DOM",173
"AT13","2012","MALE","ECU",127
"AT13","2012","MALE","GTM",73
"AT13","2012","MALE","HND",9
"AT13","2012","MALE","HTI",16
"AT13","2012","MALE","MEX",259
"AT13","2012","MALE","NIC",29
"AT13","2012","MALE","PAN",12
"AT13","2012","MALE","PER",273
"AT13","2012","MALE","PRY",30
"AT13","2012","MALE","SLV",12
"AT13","2012","MALE","URY",56
"AT13","2012","MALE","VEN",153
"AT13","2012","FEMALE","ARG",303
"AT13","2012","FEMALE","BOL",138
"AT13","2012","FEMALE","BRA",934
"AT13","2012","FEMALE","CHL",372
"AT13","2012","FEMALE","COL",459
"AT13","2012","FEMALE","CRI",34
"AT13","2012","FEMALE","CUB",227
"AT13","2012","FEMALE","DOM",294
"AT13","2012","FEMALE","ECU",178
"AT13","2012","FEMALE","GTM",57
"AT13","2012","FEMALE","HND",17
"AT13","2012","FEMALE","HTI",21
"AT13","2012","FEMALE","MEX",350
"AT13","2012","FEMALE","NIC",46
"AT13","2012","FEMALE","PAN",7
"AT13","2012","FEMALE","PER",526
"AT13","2012","FEMALE","PRY",51
"AT13","2012","FEMALE","SLV",25
"AT13","2012","FEMALE","URY",69
"AT13","2012","FEMALE","VEN",224
"AT13","2013","MALE","ARG",316
"AT13","2013","MALE","BOL",103
"AT13","2013","MALE","BRA",566
"AT13","2013","MALE","CHL",342
"AT13","2013","MALE","COL",387
"AT13","2013","MALE","CRI",33
"AT13","2013","MALE","CUB",142
"AT13","2013","MALE","DOM",178
"AT13","2013","MALE","ECU",124
"AT13","2013","MALE","GTM",79
"AT13","2013","MALE","HND",11
"AT13","2013","MALE","HTI",17
"AT13","2013","MALE","MEX",298
"AT13","2013","MALE","NIC",29
"AT13","2013","MALE","PAN",12
"AT13","2013","MALE","PER",284
"AT13","2013","MALE","PRY",31
"AT13","2013","MALE","SLV",16
"AT13","2013","MALE","URY",55
"AT13","2013","MALE","VEN",168
"AT13","2013","FEMALE","ARG",315
"AT13","2013","FEMALE","BOL",143
"AT13","2013","FEMALE","BRA",966
"AT13","2013","FEMALE","CHL",368
"AT13","2013","FEMALE","COL",498
"AT13","2013","FEMALE","CRI",38
"AT13","2013","FEMALE","CUB",244
"AT13","2013","FEMALE","DOM",314
"AT13","2013","FEMALE","ECU",180
"AT13","2013","FEMALE","GTM",61
"AT13","2013","FEMALE","HND",19
"AT13","2013","FEMALE","HTI",23
"AT13","2013","FEMALE","MEX",378
"AT13","2013","FEMALE","NIC",52
"AT13","2013","FEMALE","PAN",10
"AT13","2013","FEMALE","PER",535
"AT13","2013","FEMALE","PRY",50
"AT13","2013","FEMALE","SLV",30
"AT13","2013","FEMALE","URY",66
"AT13","2013","FEMALE","VEN",242
"AT13","2014","MALE","ARG",343
"AT13","2014","MALE","BOL",111
"AT13","2014","MALE","BRA",588
"AT13","2014","MALE","CHL",346
"AT13","2014","MALE","COL",403
"AT13","2014","MALE","CRI",32
"AT13","2014","MALE","CUB",157
"AT13","2014","MALE","DOM",182
"AT13","2014","MALE","ECU",135
"AT13","2014","MALE","GTM",85
"AT13","2014","MALE","HND",13
"AT13","2014","MALE","HTI",15
"AT13","2014","MALE","MEX",322
"AT13","2014","MALE","NIC",38
"AT13","2014","MALE","PAN",13
"AT13","2014","MALE","PER",292
"AT13","2014","MALE","PRY",30
"AT13","2014","MALE","SLV",21
"AT13","2014","MALE","URY",60
"AT13","2014","MALE","VEN",187
"AT13","2014","FEMALE","ARG",331
"AT13","2014","FEMALE","BOL",153
"AT13","2014","FEMALE","BRA",1000
"AT13","2014","FEMALE","CHL",372
"AT13","2014","FEMALE","COL",536
"AT13","2014","FEMALE","CRI",39
"AT13","2014","FEMALE","CUB",260
"AT13","2014","FEMALE","DOM",329
"AT13","2014","FEMALE","ECU",193
"AT13","2014","FEMALE","GTM",59
"AT13","2014","FEMALE","HND",23
"AT13","2014","FEMALE","HTI",21
"AT13","2014","FEMALE","MEX",407
"AT13","2014","FEMALE","NIC",59
"AT13","2014","FEMALE","PAN",10
"AT13","2014","FEMALE","PER",545
"AT13","2014","FEMALE","PRY",53
"AT13","2014","FEMALE","SLV",34
"AT13","2014","FEMALE","URY",69
"AT13","2014","FEMALE","VEN",260
"AT13","2015","MALE","ARG",365
"AT13","2015","MALE","BOL",112
"AT13","2015","MALE","BRA",639
"AT13","2015","MALE","CHL",345
"AT13","2015","MALE","COL",436
"AT13","2015","MALE","CRI",35
"AT13","2015","MALE","CUB",168
"AT13","2015","MALE","DOM",193
"AT13","2015","MALE","ECU",135
"AT13","2015","MALE","GTM",97
"AT13","2015","MALE","HND",14
"AT13","2015","MALE","HTI",17
"AT13","2015","MALE","MEX",334
"AT13","2015","MALE","NIC",40
"AT13","2015","MALE","PAN",12
"AT13","2015","MALE","PER",303
"AT13","2015","MALE","PRY",33
"AT13","2015","MALE","SLV",24
"AT13","2015","MALE","URY",64
"AT13","2015","MALE","VEN",189
"AT13","2015","FEMALE","ARG",339
"AT13","2015","FEMALE","BOL",151
"AT13","2015","FEMALE","BRA",1049
"AT13","2015","FEMALE","CHL",376
"AT13","2015","FEMALE","COL",548
"AT13","2015","FEMALE","CRI",46
"AT13","2015","FEMALE","CUB",266
"AT13","2015","FEMALE","DOM",343
"AT13","2015","FEMALE","ECU",192
"AT13","2015","FEMALE","GTM",60
"AT13","2015","FEMALE","HND",23
"AT13","2015","FEMALE","HTI",22
"AT13","2015","FEMALE","MEX",416
"AT13","2015","FEMALE","NIC",62
"AT13","2015","FEMALE","PAN",11
"AT13","2015","FEMALE","PER",557
"AT13","2015","FEMALE","PRY",57
"AT13","2015","FEMALE","SLV",31
"AT13","2015","FEMALE","URY",71
"AT13","2015","FEMALE","VEN",269
"AT13","2016","MALE","ARG",380
"AT13","2016","MALE","BOL",116
"AT13","2016","MALE","BRA",678
"AT13","2016","MALE","CHL",354
"AT13","2016","MALE","COL",458
"AT13","2016","MALE","CRI",36
"AT13","2016","MALE","CUB",177
"AT13","2016","MALE","DOM",203
"AT13","2016","MALE","ECU",143
"AT13","2016","MALE","GTM",100
"AT13","2016","MALE","HND",14
"AT13","2016","MALE","HTI",19
"AT13","2016","MALE","MEX",368
"AT13","2016","MALE","NIC",42
"AT13","2016","MALE","PAN",9
"AT13","2016","MALE","PER",310
"AT13","2016","MALE","PRY",35
"AT13","2016","MALE","SLV",21
"AT13","2016","MALE","URY",66
"AT13","2016","MALE","VEN",204
"AT13","2016","FEMALE","ARG",354
"AT13","2016","FEMALE","BOL",150
"AT13","2016","FEMALE","BRA",1095
"AT13","2016","FEMALE","CHL",385
"AT13","2016","FEMALE","COL",566
"AT13","2016","FEMALE","CRI",42
"AT13","2016","FEMALE","CUB",268
"AT13","2016","FEMALE","DOM",354
"AT13","2016","FEMALE","ECU",201
"AT13","2016","FEMALE","GTM",70
"AT13","2016","FEMALE","HND",24
"AT13","2016","FEMALE","HTI",25
"AT13","2016","FEMALE","MEX",459
"AT13","2016","FEMALE","NIC",62
"AT13","2016","FEMALE","PAN",12
"AT13","2016","FEMALE","PER",577
"AT13","2016","FEMALE","PRY",59
"AT13","2016","FEMALE","SLV",36
"AT13","2016","FEMALE","URY",72
"AT13","2016","FEMALE","VEN",294
"AT13","2017","MALE","ARG",395
"AT13","2017","MALE","BOL",118
"AT13","2017","MALE","BRA",740
"AT13","2017","MALE","CHL",358
"AT13","2017","MALE","COL",490
"AT13","2017","MALE","CRI",36
"AT13","2017","MALE","CUB",177
"AT13","2017","MALE","DOM",210
"AT13","2017","MALE","ECU",158
"AT13","2017","MALE","GTM",94
"AT13","2017","MALE","HND",19
"AT13","2017","MALE","HTI",21
"AT13","2017","MALE","MEX",400
"AT13","2017","MALE","NIC",42
"AT13","2017","MALE","PAN",12
"AT13","2017","MALE","PER",336
"AT13","2017","MALE","PRY",36
"AT13","2017","MALE","SLV",25
"AT13","2017","MALE","URY",69
"AT13","2017","MALE","VEN",240
"AT13","2017","FEMALE","ARG",352
"AT13","2017","FEMALE","BOL",149
"AT13","2017","FEMALE","BRA",1156
"AT13","2017","FEMALE","CHL",379
"AT13","2017","FEMALE","COL",582
"AT13","2017","FEMALE","CRI",45
"AT13","2017","FEMALE","CUB",271
"AT13","2017","FEMALE","DOM",361
"AT13","2017","FEMALE","ECU",205
"AT13","2017","FEMALE","GTM",66
"AT13","2017","FEMALE","HND",28
"AT13","2017","FEMALE","HTI",24
"AT13","2017","FEMALE","MEX",499
"AT13","2017","FEMALE","NIC",63
"AT13","2017","FEMALE","PAN",12
"AT13","2017","FEMALE","PER",584
"AT13","2017","FEMALE","PRY",61
"AT13","2017","FEMALE","SLV",39
"AT13","2017","FEMALE","URY",73
"AT13","2017","FEMALE","VEN",320
"AT13","2018","MALE","ARG",392
"AT13","2018","MALE","BOL",126
"AT13","2018","MALE","BRA",807
"AT13","2018","MALE","CHL",375
"AT13","2018","MALE","COL",503
"AT13","2018","MALE","CRI",40
"AT13","2018","MALE","CUB",199
"AT13","2018","MALE","DOM",229
"AT13","2018","MALE","ECU",169
"AT13","2018","MALE","GTM",100
"AT13","2018","MALE","HND",17
"AT13","2018","MALE","HTI",22
"AT13","2018","MALE","MEX",417
"AT13","2018","MALE","NIC",48
"AT13","2018","MALE","PAN",13
"AT13","2018","MALE","PER",337
"AT13","2018","MALE","PRY",33
"AT13","2018","MALE","SLV",22
"AT13","2018","MALE","URY",72
"AT13","2018","MALE","VEN",269
"AT13","2018","FEMALE","ARG",355
"AT13","2018","FEMALE","BOL",159
"AT13","2018","FEMALE","BRA",1243
"AT13","2018","FEMALE","CHL",391
"AT13","2018","FEMALE","COL",621
"AT13","2018","FEMALE","CRI",49
"AT13","2018","FEMALE","CUB",271
"AT13","2018","FEMALE","DOM",368
"AT13","2018","FEMALE","ECU",203
"AT13","2018","FEMALE","GTM",67
"AT13","2018","FEMALE","HND",25
"AT13","2018","FEMALE","HTI",23
"AT13","2018","FEMALE","MEX",545
"AT13","2018","FEMALE","NIC",71
"AT13","2018","FEMALE","PAN",9
"AT13","2018","FEMALE","PER",588
"AT13","2018","FEMALE","PRY",57
"AT13","2018","FEMALE","SLV",39
"AT13","2018","FEMALE","URY",73
"AT13","2018","FEMALE","VEN",366
"AT13","2019","MALE","ARG",404
"AT13","2019","MALE","BOL",130
"AT13","2019","MALE","BRA",843
"AT13","2019","MALE","CHL",407
"AT13","2019","MALE","COL",529
"AT13","2019","MALE","CRI",37
"AT13","2019","MALE","CUB",207
"AT13","2019","MALE","DOM",231
"AT13","2019","MALE","ECU",174
"AT13","2019","MALE","GTM",100
"AT13","2019","MALE","HND",23
"AT13","2019","MALE","HTI",23
"AT13","2019","MALE","MEX",430
"AT13","2019","MALE","NIC",50
"AT13","2019","MALE","PAN",12
"AT13","2019","MALE","PER",349
"AT13","2019","MALE","PRY",36
"AT13","2019","MALE","SLV",21
"AT13","2019","MALE","URY",71
"AT13","2019","MALE","VEN",287
"AT13","2019","FEMALE","ARG",365
"AT13","2019","FEMALE","BOL",156
"AT13","2019","FEMALE","BRA",1303
"AT13","2019","FEMALE","CHL",402
"AT13","2019","FEMALE","COL",655
"AT13","2019","FEMALE","CRI",48
"AT13","2019","FEMALE","CUB",272
"AT13","2019","FEMALE","DOM",374
"AT13","2019","FEMALE","ECU",212
"AT13","2019","FEMALE","GTM",74
"AT13","2019","FEMALE","HND",32
"AT13","2019","FEMALE","HTI",23
"AT13","2019","FEMALE","MEX",548
"AT13","2019","FEMALE","NIC",74
"AT13","2019","FEMALE","PAN",8
"AT13","2019","FEMALE","PER",603
"AT13","2019","FEMALE","PRY",55
"AT13","2019","FEMALE","SLV",39
"AT13","2019","FEMALE","URY",77
"AT13","2019","FEMALE","VEN",375
"AT13","2020","MALE","ARG",429
"AT13","2020","MALE","BOL",133
"AT13","2020","MALE","BRA",922
"AT13","2020","MALE","CHL",412
"AT13","2020","MALE","COL",570
"AT13","2020","MALE","CRI",41
"AT13","2020","MALE","CUB",228
"AT13","2020","MALE","DOM",234
"AT13","2020","MALE","ECU",167
"AT13","2020","MALE","GTM",103
"AT13","2020","MALE","HND",27
"AT13","2020","MALE","HTI",21
"AT13","2020","MALE","MEX",475
"AT13","2020","MALE","NIC",44
"AT13","2020","MALE","PAN",12
"AT13","2020","MALE","PER",353
"AT13","2020","MALE","PRY",36
"AT13","2020","MALE","SLV",24
"AT13","2020","MALE","URY",73
"AT13","2020","MALE","VEN",324
"AT13","2020","FEMALE","ARG",412
"AT13","2020","FEMALE","BOL",156
"AT13","2020","FEMALE","BRA",1353
"AT13","2020","FEMALE","CHL",441
"AT13","2020","FEMALE","COL",693
"AT13","2020","FEMALE","CRI",49
"AT13","2020","FEMALE","CUB",275
"AT13","2020","FEMALE","DOM",382
"AT13","2020","FEMALE","ECU",214
"AT13","2020","FEMALE","GTM",85
"AT13","2020","FEMALE","HND",35
"AT13","2020","FEMALE","HTI",22
"AT13","2020","FEMALE","MEX",593
"AT13","2020","FEMALE","NIC",80
"AT13","2020","FEMALE","PAN",11
"AT13","2020","FEMALE","PER",613
"AT13","2020","FEMALE","PRY",55
"AT13","2020","FEMALE","SLV",45
"AT13","2020","FEMALE","URY",77
"AT13","2020","FEMALE","VEN",399
"AT13","2021","MALE","ARG",486
"AT13","2021","MALE","BOL",128
"AT13","2021","MALE","BRA",966
"AT13","2021","MALE","CHL",428
"AT13","2021","MALE","COL",584
"AT13","2021","MALE","CRI",50
"AT13","2021","MALE","CUB",232
"AT13","2021","MALE","DOM",244
"AT13","2021","MALE","ECU",174
"AT13","2021","MALE","GTM",105
"AT13","2021","MALE","HND",31
"AT13","2021","MALE","HTI",23
"AT13","2021","MALE","MEX",482
"AT13","2021","MALE","NIC",53
"AT13","2021","MALE","PAN",16
"AT13","2021","MALE","PER",361
"AT13","2021","MALE","PRY",37
"AT13","2021","MALE","SLV",27
"AT13","2021","MALE","URY",78
"AT13","2021","MALE","VEN",331
"AT13","2021","FEMALE","ARG",447
"AT13","2021","FEMALE","BOL",154
"AT13","2021","FEMALE","BRA",1400
"AT13","2021","FEMALE","CHL",461
"AT13","2021","FEMALE","COL",700
"AT13","2021","FEMALE","CRI",56
"AT13","2021","FEMALE","CUB",274
"AT13","2021","FEMALE","DOM",383
"AT13","2021","FEMALE","ECU",214
"AT13","2021","FEMALE","GTM",91
"AT13","2021","FEMALE","HND",44
"AT13","2021","FEMALE","HTI",21
"AT13","2021","FEMALE","MEX",635
"AT13","2021","FEMALE","NIC",78
"AT13","2021","FEMALE","PAN",15
"AT13","2021","FEMALE","PER",616
"AT13","2021","FEMALE","PRY",56
"AT13","2021","FEMALE","SLV",46
"AT13","2021","FEMALE","URY",83
"AT13","2021","FEMALE","VEN",427
"AT13","2022","MALE","ARG",498
"AT13","2022","MALE","BOL",128
"AT13","2022","MALE","BRA",1016
"AT13","2022","MALE","CHL",410
"AT13","2022","MALE","COL",617
"AT13","2022","MALE","CRI",56
"AT13","2022","MALE","CUB",243
"AT13","2022","MALE","DOM",251
"AT13","2022","MALE","ECU",185
"AT13","2022","MALE","GTM",107
"AT13","2022","MALE","HND",23
"AT13","2022","MALE","HTI",22
"AT13","2022","MALE","MEX",511
"AT13","2022","MALE","NIC",54
"AT13","2022","MALE","PAN",15
"AT13","2022","MALE","PER",401
"AT13","2022","MALE","PRY",37
"AT13","2022","MALE","SLV",28
"AT13","2022","MALE","URY",73
"AT13","2022","MALE","VEN",356
"AT13","2022","FEMALE","ARG",486
"AT13","2022","FEMALE","BOL",162
"AT13","2022","FEMALE","BRA",1468
"AT13","2022","FEMALE","CHL",463
"AT13","2022","FEMALE","COL",774
"AT13","2022","FEMALE","CRI",65
"AT13","2022","FEMALE","CUB",280
"AT13","2022","FEMALE","DOM",389
"AT13","2022","FEMALE","ECU",239
"AT13","2022","FEMALE","GTM",95
"AT13","2022","FEMALE","HND",40
"AT13","2022","FEMALE","HTI",23
"AT13","2022","FEMALE","MEX",679
"AT13","2022","FEMALE","NIC",76
"AT13","2022","FEMALE","PAN",14
"AT13","2022","FEMALE","PER",648
"AT13","2022","FEMALE","PRY",59
"AT13","2022","FEMALE","SLV",48
"AT13","2022","FEMALE","URY",84
"AT13","2022","FEMALE","VEN",450
"AT13","2023","MALE","ARG",565
"AT13","2023","MALE","BOL",144
"AT13","2023","MALE","BRA",1111
"AT13","2023","MALE","CHL",452
"AT13","2023","MALE","COL",651
"AT13","2023","MALE","CRI",56
"AT13","2023","MALE","CUB",251
"AT13","2023","MALE","DOM",260
"AT13","2023","MALE","ECU",188
"AT13","2023","MALE","GTM",115
"AT13","2023","MALE","HND",28
"AT13","2023","MALE","HTI",23
"AT13","2023","MALE","MEX",560
"AT13","2023","MALE","NIC",54
"AT13","2023","MALE","PAN",19
"AT13","2023","MALE","PER",415
"AT13","2023","MALE","PRY",39
"AT13","2023","MALE","SLV",32
"AT13","2023","MALE","URY",69
"AT13","2023","MALE","VEN",376
"AT13","2023","FEMALE","ARG",543
"AT13","2023","FEMALE","BOL",169
"AT13","2023","FEMALE","BRA",1559
"AT13","2023","FEMALE","CHL",493
"AT13","2023","FEMALE","COL",835
"AT13","2023","FEMALE","CRI",70
"AT13","2023","FEMALE","CUB",288
"AT13","2023","FEMALE","DOM",396
"AT13","2023","FEMALE","ECU",241
"AT13","2023","FEMALE","GTM",99
"AT13","2023","FEMALE","HND",42
"AT13","2023","FEMALE","HTI",25
"AT13","2023","FEMALE","MEX",735
"AT13","2023","FEMALE","NIC",81
"AT13","2023","FEMALE","PAN",17
"AT13","2023","FEMALE","PER",684
"AT13","2023","FEMALE","PRY",60
"AT13","2023","FEMALE","SLV",47
"AT13","2023","FEMALE","URY",89
"AT13","2023","FEMALE","VEN",475
"AT13","2024","MALE","ARG",636
"AT13","2024","MALE","BOL",141
"AT13","2024","MALE","BRA",1157
"AT13","2024","MALE","CHL",513
"AT13","2024","MALE","COL",671
"AT13","2024","MALE","CRI",62
"AT13","2024","MALE","CUB",250
"AT13","2024","MALE","DOM",257
"AT13","2024","MALE","ECU",208
"AT13","2024","MALE","GTM",124
"AT13","2024","MALE","HND",29
"AT13","2024","MALE","HTI",23
"AT13","2024","MALE","MEX",569
"AT13","2024","MALE","NIC",55
"AT13","2024","MALE","PAN",17
"AT13","2024","MALE","PER",438
"AT13","2024","MALE","PRY",41
"AT13","2024","MALE","SLV",37
"AT13","2024","MALE","URY",73
"AT13","2024","MALE","VEN",414
"AT13","2024","FEMALE","ARG",579
"AT13","2024","FEMALE","BOL",174
"AT13","2024","FEMALE","BRA",1662
"AT13","2024","FEMALE","CHL",583
"AT13","2024","FEMALE","COL",908
"AT13","2024","FEMALE","CRI",75
"AT13","2024","FEMALE","CUB",290
"AT13","2024","FEMALE","DOM",420
"AT13","2024","FEMALE","ECU",252
"AT13","2024","FEMALE","GTM",98
"AT13","2024","FEMALE","HND",44
"AT13","2024","FEMALE","HTI",26
"AT13","2024","FEMALE","MEX",786
"AT13","2024","FEMALE","NIC",78
"AT13","2024","FEMALE","PAN",19
"AT13","2024","FEMALE","PER",704
"AT13","2024","FEMALE","PRY",60
"AT13","2024","FEMALE","SLV",51
"AT13","2024","FEMALE","URY",96
"AT13","2024","FEMALE","VEN",504
